Date,AAPL,AMZN,BTC-USD,CSCO,ETH-USD,IEF,META,TEF
2021-01-01,,,29374.15234375,,730.3675537109375,,,
2021-01-02,,,32127.267578125,,774.5349731445312,,,
2021-01-03,,,32782.0234375,,975.5076904296875,,,
2021-01-04,127.16416931152344,159.3314971923828,31971.9140625,40.50225067138672,1040.2330322265625,114.05400848388672,268.94000244140625,3.3174149990081787
2021-01-05,128.73638916015625,160.92550659179688,33992.4296875,40.52067947387695,1100.006103515625,113.78782653808594,270.9700012207031,3.366440773010254
2021-01-06,124.40292358398438,156.91900634765625,36824.36328125,40.90764236450195,1207.1121826171875,113.12242889404297,263.30999755859375,3.5462019443511963
2021-01-07,128.64796447753906,158.10800170898438,39371.04296875,41.423587799072266,1225.6781005859375,112.72317504882812,268.739990234375,3.636082887649536
2021-01-08,129.75833129882812,159.13499450683594,40797.609375,41.51572799682617,1224.1971435546875,112.3999252319336,267.57000732421875,3.611570358276367
2021-01-09,,,40254.546875,,1281.0772705078125,,,
2021-01-10,,,38356.44140625,,1262.2467041015625,,,
2021-01-11,126.74161529541016,155.7104949951172,35566.65625,41.79213333129883,1090.1453857421875,112.1812973022461,256.8399963378906,3.58705735206604
2021-01-12,126.56475830078125,156.04150390625,33922.9609375,42.18831253051758,1043.4345703125,112.16231536865234,251.08999633789062,3.6279120445251465
2021-01-13,128.61843872070312,158.29449462890625,37316.359375,41.79213333129883,1130.7393798828125,112.55204010009766,251.63999938964844,3.9547510147094727
2021-01-14,126.67285919189453,156.37350463867188,39187.328125,41.59864807128906,1218.4530029296875,112.2953872680664,245.63999938964844,3.856698989868164
2021-01-15,124.93355560302734,155.21249389648438,36825.3671875,41.856624603271484,1171.8345947265625,112.59957122802734,251.36000061035156,3.725963830947876
2021-01-16,,,36178.140625,,1233.53759765625,,,
2021-01-17,,,35791.27734375,,1230.1722412109375,,,
2021-01-18,,,36630.07421875,,1257.279541015625,,,
2021-01-19,125.61157989501953,156.03799438476562,36069.8046875,41.635501861572266,1377.2958984375,112.6661148071289,261.1000061035156,3.750476837158203
2021-01-20,129.7386932373047,163.16900634765625,35547.75,41.773704528808594,1382.2740478515625,112.71363830566406,267.4800109863281,3.7586474418640137
2021-01-21,134.4947052001953,165.34950256347656,30825.69921875,41.56180191040039,1121.5709228515625,112.55204010009766,272.8699951171875,3.69327974319458
2021-01-22,136.65650939941406,164.6114959716797,33005.76171875,41.248538970947266,1236.51220703125,112.72317504882812,274.5,3.644253969192505
2021-01-23,,,32067.642578125,,1230.9906005859375,,,
2021-01-24,,,32289.37890625,,1391.609375,,,
2021-01-25,140.43971252441406,164.6999969482422,32366.392578125,41.48808670043945,1324.414794921875,113.17947387695312,278.010009765625,3.6197409629821777
2021-01-26,140.67550659179688,166.30650329589844,32569.849609375,41.699989318847656,1357.05810546875,113.14141845703125,282.04998779296875,3.701451063156128
2021-01-27,139.59461975097656,161.62899780273438,30432.546875,42.10538864135742,1253.1871337890625,113.2745132446289,272.1400146484375,3.644253969192505
2021-01-28,134.7108612060547,161.88099670410156,33466.09765625,41.773704528808594,1332.4921875,112.97981262207031,265.0,3.58705735206604
2021-01-29,129.66990661621094,160.30999755859375,34316.38671875,41.073490142822266,1382.5228271484375,112.78018951416016,258.3299865722656,3.5462019443511963
2021-01-30,,,34269.5234375,,1376.115478515625,,,
2021-01-31,,,33114.359375,,1314.9862060546875,,,
2021-02-01,131.81207275390625,167.1439971923828,33537.17578125,41.828983306884766,1369.04052734375,112.92095947265625,262.010009765625,3.5788867473602295
2021-02-02,132.64732360839844,169.0,35510.2890625,42.225162506103516,1515.1937255859375,112.63560485839844,267.0799865722656,3.5707154273986816
2021-02-03,131.6155548095703,165.62649536132812,37472.08984375,42.169883728027344,1660.9095458984375,112.3597640991211,266.6499938964844,3.6769378185272217
2021-02-04,135.00567626953125,166.5500030517578,36926.06640625,43.53346633911133,1594.7626953125,112.32171630859375,266.489990234375,3.7096219062805176
2021-02-05,134.58741760253906,167.6074981689453,38144.30859375,44.29819107055664,1718.65087890625,112.08387756347656,268.1000061035156,3.783160448074341
2021-02-06,,,39266.01171875,,1677.8468017578125,,,
2021-02-07,,,38903.44140625,,1614.227783203125,,,
2021-02-08,134.7350311279297,166.14700317382812,46196.46484375,45.09054183959961,1746.6168212890625,112.13143920898438,266.5799865722656,3.7913315296173096
2021-02-09,133.84933471679688,165.25,46481.10546875,44.68515396118164,1768.0350341796875,112.21707153320312,269.45001220703125,3.7341349124908447
2021-02-10,133.23916625976562,164.32899475097656,44918.18359375,43.524253845214844,1744.243408203125,112.50242614746094,271.8699951171875,3.783160448074341
2021-02-11,132.9833526611328,163.10650634765625,47909.33203125,43.8375129699707,1783.7979736328125,112.41680908203125,270.3900146484375,3.783160448074341
2021-02-12,133.21951293945312,163.885498046875,47504.8515625,43.5703239440918,1843.5325927734375,112.04582214355469,270.5,3.750476837158203
2021-02-13,,,47105.515625,,1814.10986328125,,,
2021-02-14,,,48717.2890625,,1805.0841064453125,,,
2021-02-15,,,47945.05859375,,1779.791015625,,,
2021-02-16,131.0741424560547,163.44749450683594,49199.87109375,42.85167694091797,1781.0675048828125,111.2372817993164,273.9700012207031,3.7995026111602783
2021-02-17,128.76145935058594,165.4320068359375,52149.0078125,42.61212921142578,1848.458251953125,111.31336212158203,273.57000732421875,3.7586474418640137
2021-02-18,127.6494140625,166.4114990234375,51679.796875,42.695045471191406,1937.44921875,111.30389404296875,269.3900146484375,3.7423057556152344
2021-02-19,127.8068618774414,162.4949951171875,55888.1328125,42.08695983886719,1960.164794921875,110.85681915283203,261.55999755859375,3.7096219062805176
2021-02-20,,,56099.51953125,,1919.5340576171875,,,
2021-02-21,,,57539.9453125,,1935.60107421875,,,
2021-02-22,123.99835968017578,159.03700256347656,54207.3203125,41.856624603271484,1781.992919921875,110.67607116699219,260.3299865722656,3.6769378185272217
2021-02-23,123.86058044433594,159.72500610351562,48824.42578125,41.930328369140625,1570.2039794921875,110.76167297363281,265.8599853515625,3.6524248123168945
2021-02-24,123.35868072509766,157.97650146484375,49705.33203125,42.14223861694336,1626.57568359375,110.60948181152344,264.30999755859375,3.7586474418640137
2021-02-25,119.06793212890625,152.85800170898438,47093.8515625,41.93954086303711,1475.7037353515625,109.13507843017578,254.69000244140625,3.644253969192505
2021-02-26,119.33366394042969,154.64649963378906,46339.76171875,41.340667724609375,1446.03369140625,110.11483764648438,257.6199951171875,3.5462019443511963
2021-02-27,,,46188.453125,,1459.97314453125,,,
2021-02-28,,,45137.76953125,,1416.0489501953125,,,
2021-03-01,125.75991821289062,157.3070068359375,49631.2421875,42.308082580566406,1564.7076416015625,109.99109649658203,264.9100036621094,3.636082887649536
2021-03-02,123.13233184814453,154.72650146484375,48378.98828125,41.93954086303711,1492.6087646484375,110.19097900390625,259.0,3.701451063156128
2021-03-03,120.12094116210938,150.25,50538.2421875,41.58021926879883,1575.8531494140625,109.60087585449219,255.41000366210938,3.668766498565674
2021-03-04,118.22160339355469,148.8784942626953,48561.16796875,41.055057525634766,1541.914306640625,109.05830383300781,257.6400146484375,3.7423057556152344
2021-03-05,119.49110412597656,150.0229949951172,48927.3046875,42.61212921142578,1533.2750244140625,108.90603637695312,264.2799987792969,3.8485283851623535
2021-03-06,,,48912.3828125,,1654.7415771484375,,,
2021-03-07,,,51206.69140625,,1723.15380859375,,,
2021-03-08,114.51150512695312,147.59750366210938,52246.5234375,43.773014068603516,1834.7279052734375,108.47774505615234,255.30999755859375,3.7995026111602783
2021-03-09,119.16633605957031,153.1425018310547,54824.1171875,44.123130798339844,1868.048828125,108.99170684814453,265.739990234375,3.750476837158203
2021-03-10,118.0739974975586,152.8820037841797,56008.55078125,44.491661071777344,1799.166259765625,109.22012329101562,264.8999938964844,3.897554397583008
2021-03-11,120.02252960205078,155.67950439453125,57805.12109375,44.9615478515625,1826.1949462890625,109.18208312988281,273.8800048828125,3.9384093284606934
2021-03-12,119.10731506347656,154.47450256347656,57332.08984375,44.979976654052734,1772.1024169921875,108.39202880859375,268.3999938964844,3.9874346256256104
2021-03-13,,,61243.0859375,,1924.6854248046875,,,
2021-03-14,,,59302.31640625,,1854.5643310546875,,,
2021-03-15,122.02027893066406,154.08399963378906,55907.19921875,45.52356719970703,1791.7022705078125,108.52532196044922,273.75,4.011947154998779
2021-03-16,123.5751724243164,154.59300231933594,56804.90234375,45.763118743896484,1806.9718017578125,108.50626373291016,279.2799987792969,4.036460876464844
2021-03-17,122.7780532836914,156.7864990234375,58870.89453125,45.532779693603516,1823.4493408203125,108.32543182373047,284.010009765625,4.052802562713623
2021-03-18,118.6152572631836,151.39950561523438,57858.921875,44.9615478515625,1782.8551025390625,107.64966583251953,278.6199951171875,4.020118713378906
2021-03-19,118.08383178710938,153.7480010986328,58346.65234375,45.12739562988281,1817.6241455078125,107.5830307006836,290.1099853515625,3.9629220962524414
2021-03-20,,,58313.64453125,,1812.6346435546875,,,
2021-03-21,,,57523.421875,,1788.217041015625,,,
2021-03-22,121.42981719970703,155.5435028076172,54529.14453125,46.34356689453125,1691.333984375,107.93519592285156,293.5400085449219,3.9057254791259766
2021-03-23,120.59332275390625,156.875,54738.9453125,46.07637405395508,1678.650146484375,108.46822357177734,290.6300048828125,3.9302377700805664
2021-03-24,118.1822280883789,154.35350036621094,52774.265625,45.744693756103516,1593.4134521484375,108.61097717285156,282.1400146484375,3.897554397583008
2021-03-25,118.6742935180664,152.31300354003906,51704.16015625,46.53704833984375,1595.3592529296875,108.46822357177734,278.739990234375,3.8893837928771973
2021-03-26,119.28446197509766,152.60150146484375,55137.3125,48.435020446777344,1702.842041015625,108.10653686523438,283.0199890136719,3.9302377700805664
2021-03-27,,,55973.51171875,,1716.49462890625,,,
2021-03-28,,,55950.74609375,,1691.35595703125,,,
2021-03-29,119.46159362792969,153.7864990234375,57750.19921875,48.38895034790039,1819.6849365234375,107.73534393310547,290.82000732421875,3.783160448074341
2021-03-30,117.99525451660156,152.76449584960938,58917.69140625,47.69794845581055,1846.03369140625,107.64015197753906,288.0,3.7177929878234863
2021-03-31,120.20950317382812,154.70399475097656,58918.83203125,47.642662048339844,1918.362060546875,107.48782348632812,294.5299987792969,3.701451063156128
2021-04-01,121.04600524902344,158.0500030517578,59095.80859375,47.89142608642578,1977.27685546875,107.96404266357422,298.6600036621094,3.701451063156128
2021-04-02,,,59384.3125,,2143.2255859375,,,
2021-04-03,,,57603.890625,,2028.4224853515625,,,
2021-04-04,,,58758.5546875,,2093.122802734375,,,
2021-04-05,123.89994049072266,161.3365020751953,59057.87890625,48.633785247802734,2107.88720703125,107.65929412841797,308.9100036621094,3.7586474418640137
2021-04-06,124.20502471923828,161.1909942626953,58192.359375,48.281158447265625,2118.37890625,108.1830825805664,306.260009765625,3.7177929878234863
2021-04-07,125.86817932128906,163.96949768066406,56048.9375,48.03990173339844,1971.0772705078125,108.11642456054688,313.0899963378906,3.750476837158203
2021-04-08,128.28909301757812,164.96499633789062,58323.953125,48.169803619384766,2088.57373046875,108.48785400390625,313.0199890136719,3.7586474418640137
2021-04-09,130.88714599609375,168.61000061035156,58245.00390625,48.33684158325195,2072.10888671875,108.2021484375,312.4599914550781,3.7341349124908447
2021-04-10,,,59793.234375,,2135.942138671875,,,
2021-04-11,,,60204.96484375,,2157.656982421875,,,
2021-04-12,129.15512084960938,168.96949768066406,59893.453125,47.85430145263672,2139.353271484375,108.1354751586914,311.5400085449219,3.7423057556152344
2021-04-13,132.29444885253906,170.0,63503.45703125,47.93781661987305,2299.187744140625,108.58309936523438,309.760009765625,3.701451063156128
2021-04-14,129.93255615234375,166.64999389648438,63109.6953125,47.66871643066406,2435.10498046875,108.44976043701172,302.82000732421875,3.7096219062805176
2021-04-15,132.36331176757812,168.95449829101562,63314.01171875,47.91925811767578,2519.1162109375,109.14502716064453,307.82000732421875,3.6524248123168945
2021-04-16,132.0287322998047,169.9720001220703,61572.7890625,48.99567794799805,2431.946533203125,108.84976959228516,306.17999267578125,3.7341349124908447
2021-04-17,,,60683.8203125,,2344.89501953125,,,
2021-04-18,,,56216.18359375,,2237.136962890625,,,
2021-04-19,132.69790649414062,168.60049438476562,55724.265625,49.042083740234375,2166.188720703125,108.73548889160156,302.239990234375,3.7423057556152344
2021-04-20,130.9954071044922,166.7344970703125,56473.03125,48.05845642089844,2330.2109375,109.05929565429688,302.6499938964844,3.6851089000701904
2021-04-21,131.37921142578125,168.1009979248047,53906.08984375,48.18836975097656,2364.751708984375,109.1164321899414,301.4700012207031,3.69327974319458
2021-04-22,129.843994140625,165.45199584960938,51762.2734375,47.78935241699219,2403.53515625,109.2021484375,296.5199890136719,3.644253969192505
2021-04-23,132.18618774414062,167.04400634765625,51093.65234375,48.169803619384766,2363.586181640625,109.05929565429688,301.1300048828125,3.6769378185272217
2021-04-24,,,50050.8671875,,2211.625732421875,,,
2021-04-25,,,49004.25390625,,2316.0595703125,,,
2021-04-26,132.579833984375,170.4499969482422,54021.75390625,47.91925811767578,2534.481689453125,108.94501495361328,303.0400085449219,3.7586474418640137
2021-04-27,132.2550506591797,170.8715057373047,55033.1171875,47.66871643066406,2662.865234375,108.51642608642578,303.57000732421875,3.7995026111602783
2021-04-28,131.4579315185547,172.9250030517578,54824.703125,47.427452087402344,2746.380126953125,108.6592788696289,307.1000061035156,3.840357542037964
2021-04-29,131.35951232910156,173.5655059814453,53555.109375,47.752235412597656,2756.876953125,108.46882629394531,329.510009765625,3.8812122344970703
2021-04-30,129.37161254882812,173.37100219726562,57750.17578125,47.24185562133789,2773.20703125,108.56405639648438,325.0799865722656,3.832186460494995
2021-05-01,,,57828.05078125,,2945.892822265625,,,
2021-05-02,,,56631.078125,,2952.05615234375,,,
2021-05-03,130.4344482421875,169.32449340820312,57200.29296875,47.48311996459961,3431.086181640625,108.74893188476562,322.5799865722656,3.856698989868164
2021-05-04,125.81897735595703,165.593505859375,53333.5390625,47.05626678466797,3253.62939453125,108.89189910888672,318.3599853515625,3.897554397583008
2021-05-05,126.06499481201172,163.52699279785156,57424.0078125,47.44601058959961,3522.783203125,109.02531433105469,315.0199890136719,3.9057254791259766
2021-05-06,127.67893981933594,165.31849670410156,56396.515625,48.66161346435547,3490.88037109375,109.07295227050781,320.0199890136719,3.971092939376831
2021-05-07,128.35914611816406,164.58050537109375,57356.40234375,49.580291748046875,3484.72900390625,109.111083984375,319.0799865722656,3.946579933166504
2021-05-08,,,58803.77734375,,3902.647705078125,,,
2021-05-09,,,58232.31640625,,3928.8447265625,,,
2021-05-10,125.0468978881836,159.52450561523438,55859.796875,49.329742431640625,3952.2939453125,108.89189910888672,305.9700012207031,4.060973644256592
2021-05-11,124.12024688720703,161.19549560546875,56704.57421875,49.02352523803711,4168.701171875,108.7107925415039,306.5299987792969,3.9792635440826416
2021-05-12,121.0248794555664,157.5970001220703,49150.53515625,47.88214874267578,3785.8486328125,108.18665313720703,302.54998779296875,3.897554397583008
2021-05-13,123.19361877441406,158.07350158691406,49716.19140625,48.7080192565918,3715.1484375,108.54882049560547,305.260009765625,3.9384093284606934
2021-05-14,125.63835144042969,161.14500427246094,49880.53515625,49.088478088378906,4079.057373046875,108.78706359863281,315.94000244140625,4.060973644256592
2021-05-15,,,46760.1875,,3638.1220703125,,,
2021-05-16,,,46456.05859375,,3587.506103515625,,,
2021-05-17,124.47513580322266,163.51950073242188,43537.51171875,49.1255989074707,3282.397705078125,108.68223571777344,315.4599914550781,4.183538436889648
2021-05-18,123.0753173828125,161.61399841308594,42909.40234375,49.11631393432617,3380.070068359375,108.68223571777344,309.9599914550781,4.17536735534668
2021-05-19,122.91759490966797,161.58999633789062,37002.44140625,48.6894645690918,2460.67919921875,108.35818481445312,313.5899963378906,4.216222286224365
2021-05-20,125.5003433227539,162.38400268554688,40782.73828125,49.042083740234375,2784.294189453125,108.80612182617188,318.6099853515625,4.17536735534668
2021-05-21,123.6470718383789,160.1540069580078,37304.69140625,48.652339935302734,2430.621337890625,108.84423065185547,316.2300109863281,4.208051681518555
2021-05-22,,,37536.6328125,,2295.70556640625,,,
2021-05-23,,,34770.58203125,,2109.579833984375,,,
2021-05-24,125.29334259033203,162.24949645996094,38705.98046875,49.54317092895508,2643.591064453125,108.94905853271484,324.6300048828125,4.208051681518555
2021-05-25,125.09619140625,162.95249938964844,38402.22265625,49.46893310546875,2706.62890625,109.34932708740234,327.7900085449219,4.167196273803711
2021-05-26,125.0468978881836,163.25799560546875,39294.19921875,49.09775161743164,2888.69873046875,109.2254409790039,327.6600036621094,4.17536735534668
2021-05-27,123.49921417236328,161.5054931640625,38436.96875,49.10703659057617,2736.488525390625,109.03483581542969,332.75,4.110000133514404
2021-05-28,122.83873748779297,161.15350341796875,35697.60546875,49.088478088378906,2419.90625,109.02531433105469,328.7300109863281,4.077315330505371
2021-05-29,,,34616.06640625,,2279.51416015625,,,
2021-05-30,,,35678.12890625,,2390.305419921875,,,
2021-05-31,,,37332.85546875,,2714.9453125,,,
2021-06-01,122.51342010498047,160.9324951171875,36684.92578125,48.82864761352539,2633.518310546875,109.00531005859375,329.1300048828125,4.113382816314697
2021-06-02,123.28234100341797,161.69949340820312,37575.1796875,49.14414978027344,2706.125,109.1292495727539,329.1499938964844,4.087620735168457
2021-06-03,121.783935546875,159.35049438476562,39208.765625,49.48749542236328,2855.12646484375,108.85269927978516,326.0400085449219,4.096208095550537
2021-06-04,124.10054016113281,160.31100463867188,36894.40625,50.17417907714844,2688.195068359375,109.4535140991211,330.3500061035156,4.061858177185059
2021-06-05,,,35551.95703125,,2630.576904296875,,,
2021-06-06,,,35862.37890625,,2715.0927734375,,,
2021-06-07,124.11038970947266,159.90049743652344,33560.70703125,50.03498840332031,2590.26318359375,109.36766052246094,336.5799865722656,4.139145374298096
2021-06-08,124.93844604492188,163.20550537109375,33472.6328125,50.229854583740234,2517.438720703125,109.68238067626953,333.67999267578125,4.182082176208496
2021-06-09,125.32290649414062,164.0574951171875,37345.12109375,50.12777328491211,2608.26708984375,110.02574920654297,330.25,4.207844257354736
2021-06-10,124.3174057006836,167.4824981689453,36702.59765625,51.06500244140625,2471.5185546875,110.41673278808594,332.4599914550781,4.34524393081665
2021-06-11,125.539794921875,167.3415069580078,37334.3984375,50.8237419128418,2353.768798828125,110.25460052490234,331.260009765625,4.302306652069092
2021-06-12,,,35552.515625,,2372.484375,,,
2021-06-13,,,39097.859375,,2508.3916015625,,,
2021-06-14,128.6252899169922,169.19349670410156,40218.4765625,50.2669677734375,2537.89111328125,109.91127014160156,336.7699890136719,4.34524393081665
2021-06-15,127.79723358154297,169.156494140625,40406.26953125,49.914344787597656,2610.936767578125,109.93035125732422,336.75,4.302306652069092
2021-06-16,128.2999725341797,170.7624969482422,38347.0625,49.61741256713867,2367.66357421875,109.17695617675781,331.0799865722656,4.216432094573975
2021-06-17,129.9166717529297,174.46200561523438,38053.50390625,49.30190658569336,2372.001953125,109.56794738769531,336.510009765625,4.173494815826416
2021-06-18,128.6055908203125,174.34500122070312,35787.24609375,48.318275451660156,2231.733154296875,110.1878662109375,329.6600036621094,4.061858177185059
2021-06-19,,,35615.87109375,,2178.4990234375,,,
2021-06-20,,,35698.296875,,2246.364501953125,,,
2021-06-21,130.41940307617188,172.697998046875,31676.693359375,49.34830093383789,1888.447509765625,109.83499908447266,332.2900085449219,4.130558013916016
2021-06-22,132.07553100585938,175.27200317382812,32505.66015625,49.42253875732422,1874.9500732421875,110.03524780273438,339.0299987792969,4.113382816314697
2021-06-23,131.7995147705078,175.1909942626953,33723.02734375,48.958560943603516,1989.736328125,109.81591796875,340.5899963378906,4.03609561920166
2021-06-24,131.51364135742188,172.45399475097656,34662.4375,48.97712326049805,1988.456298828125,109.79686737060547,343.17999267578125,4.0704450607299805
2021-06-25,131.2178955078125,170.072998046875,31637.779296875,49.2369499206543,1813.21728515625,109.56794738769531,341.3699951171875,4.0704450607299805
2021-06-26,,,32186.27734375,,1829.2392578125,,,
2021-06-27,,,34649.64453125,,1978.8946533203125,,,
2021-06-28,132.86419677734375,172.1945037841797,34434.3359375,49.14414978027344,2079.657470703125,109.91127014160156,355.6400146484375,3.9931588172912598
2021-06-29,134.3921356201172,172.40699768066406,35867.77734375,49.09775161743164,2160.768310546875,109.96846771240234,351.8900146484375,4.01033353805542
2021-06-30,135.01318359375,172.00799560546875,35040.8359375,49.18126678466797,2274.547607421875,110.14013671875,347.7099914550781,4.03609561920166
2021-07-01,135.31875610351562,171.64849853515625,33572.1171875,49.58956527709961,2113.60546875,110.06097412109375,354.3900146484375,4.03609561920166
2021-07-02,137.97055053710938,175.5489959716797,33897.046875,50.02874755859375,2150.040283203125,110.4617691040039,354.70001220703125,4.02750825881958
2021-07-03,,,34668.546875,,2226.1142578125,,,
2021-07-04,,,35287.78125,,2321.72412109375,,,
2021-07-05,,,33746.00390625,,2198.58251953125,,,
2021-07-06,140.00125122070312,183.78700256347656,34235.1953125,49.50546646118164,2324.679443359375,111.04389190673828,352.7799987792969,3.8901095390319824
2021-07-07,142.51499938964844,184.82899475097656,33855.328125,49.76710891723633,2315.161865234375,111.36835479736328,350.489990234375,3.864347457885742
2021-07-08,141.20388793945312,186.57049560546875,32877.37109375,49.76710891723633,2120.0263671875,111.65465545654297,345.6499938964844,3.8042349815368652
2021-07-09,143.04733276367188,185.9669952392578,33798.01171875,50.21562957763672,2146.6923828125,111.09159088134766,350.4200134277344,3.855759620666504
2021-07-10,,,33520.51953125,,2111.403564453125,,,
2021-07-11,,,34240.1875,,2139.664794921875,,,
2021-07-12,142.4459991455078,185.92750549316406,33155.84765625,49.73907470703125,2036.7210693359375,111.03436279296875,353.1600036621094,3.8815221786499023
2021-07-13,143.56980895996094,183.8679962158203,32702.025390625,49.82316970825195,1940.083984375,110.69081115722656,352.0899963378906,3.8214099407196045
2021-07-14,147.02989196777344,184.08399963378906,32822.34765625,50.54267501831055,1994.331298828125,111.16796875,347.6300048828125,3.8128225803375244
2021-07-15,146.3694305419922,181.55999755859375,31780.73046875,50.131534576416016,1911.1756591796875,111.63556671142578,344.4599914550781,3.769885540008545
2021-07-16,144.30914306640625,178.68150329589844,31421.5390625,50.178253173828125,1880.3829345703125,111.61648559570312,341.1600036621094,3.778472900390625
2021-07-17,,,31533.068359375,,1898.8251953125,,,
2021-07-18,,,31796.810546875,,1895.5521240234375,,,
2021-07-19,140.42514038085938,177.47950744628906,30817.83203125,49.580223083496094,1817.296630859375,112.57080078125,336.95001220703125,3.6754233837127686
2021-07-20,144.07257080078125,178.6595001220703,29807.34765625,50.066123962402344,1787.5107421875,112.42768096923828,341.6600036621094,3.6840107440948486
2021-07-21,143.33319091796875,179.25999450683594,32110.693359375,50.34645080566406,1990.9708251953125,111.7787094116211,346.2300109863281,3.787060260772705
2021-07-22,144.71331787109375,181.90150451660156,32313.10546875,50.96316909790039,2025.2027587890625,112.03639221191406,351.19000244140625,3.7527105808258057
2021-07-23,146.44827270507812,182.83200073242188,33581.55078125,51.607913970947266,2124.776611328125,111.86460876464844,369.7900085449219,3.8042349815368652
2021-07-24,,,34292.4453125,,2189.21875,,,
2021-07-25,,,35350.1875,,2191.373779296875,,,
2021-07-26,146.8721923828125,184.99099731445312,37337.53515625,51.83217239379883,2233.36669921875,111.78824615478516,372.4599914550781,3.8729348182678223
2021-07-27,144.68373107910156,181.3195037841797,39406.94140625,51.654632568359375,2298.33349609375,112.26541900634766,367.80999755859375,3.8986971378326416
2021-07-28,142.919189453125,181.51600646972656,39995.90625,51.17808532714844,2296.54541015625,112.36083984375,373.2799987792969,3.8901095390319824
2021-07-29,143.56980895996094,179.99600219726562,40008.421875,51.45840835571289,2380.956787109375,112.01729583740234,358.32000732421875,3.864347457885742
2021-07-30,143.78668212890625,166.37950134277344,42235.546875,51.738731384277344,2466.96142578125,112.33220672607422,356.29998779296875,3.9416344165802
2021-07-31,,,41626.1953125,,2536.2099609375,,,
2021-08-01,,,39974.89453125,,2561.85205078125,,,
2021-08-02,143.45152282714844,166.57400512695312,39201.9453125,51.81348419189453,2610.1533203125,112.8249740600586,351.95001220703125,4.01033353805542
2021-08-03,145.26535034179688,168.31199645996094,38152.98046875,52.56101989746094,2502.349609375,112.85360717773438,351.239990234375,4.147732734680176
2021-08-04,144.86117553710938,167.73599243164062,39747.50390625,52.03774642944336,2724.619873046875,112.8249740600586,358.9200134277344,4.113382816314697
2021-08-05,144.96961975097656,168.79949951171875,40869.5546875,52.103153228759766,2827.328857421875,112.41434478759766,362.9700012207031,4.1219706535339355
2021-08-06,144.27853393554688,167.2469940185547,42816.5,51.94430160522461,2890.941650390625,111.75543975830078,363.510009765625,4.1219706535339355
2021-08-07,,,44555.80078125,,3157.23876953125,,,
2021-08-08,,,43798.1171875,,3013.732666015625,,,
2021-08-09,144.22915649414062,167.093505859375,46365.40234375,51.83217239379883,3167.856201171875,111.51669311523438,361.6099853515625,4.182082176208496
2021-08-10,143.74539184570312,166.03399658203125,45585.03125,51.962989807128906,3141.691162109375,111.30663299560547,361.1300048828125,4.216432094573975
2021-08-11,144.00210571289062,164.60549926757812,45593.63671875,52.196598052978516,3164.2451171875,111.43074035644531,359.9599914550781,4.29371976852417
2021-08-12,146.99349975585938,165.1750030517578,44428.2890625,52.691837310791016,3043.414306640625,111.31616973876953,362.6499938964844,4.31089448928833
2021-08-13,147.20083618164062,164.69850158691406,47793.3203125,52.7665901184082,3322.211669921875,111.95597076416016,363.17999267578125,4.34524393081665
2021-08-14,,,47096.9453125,,3265.443359375,,,
2021-08-15,,,47047.00390625,,3310.504150390625,,,
2021-08-16,149.19509887695312,164.94949340820312,46004.484375,52.589054107666016,3156.509521484375,112.2042465209961,366.55999755859375,4.31089448928833
2021-08-17,148.27696228027344,162.09800720214844,44695.359375,52.336753845214844,3014.845947265625,112.14697265625,358.45001220703125,4.276544094085693
2021-08-18,144.4957275390625,160.06100463867188,44801.1875,51.53315734863281,3020.08984375,112.08964538574219,355.45001220703125,4.31089448928833
2021-08-19,144.83140563964844,159.3874969482422,46717.578125,53.514129638671875,3182.7021484375,112.33795166015625,355.1199951171875,4.259368896484375
2021-08-20,146.30242919921875,159.99749755859375,49339.17578125,54.401824951171875,3286.935302734375,112.23289489746094,359.3699951171875,4.259368896484375
2021-08-21,,,48905.4921875,,3226.083984375,,,
2021-08-22,,,49321.65234375,,3242.115478515625,,,
2021-08-23,147.8030548095703,163.2935028076172,49546.1484375,54.700836181640625,3319.25732421875,112.26156616210938,363.3500061035156,4.285131454467773
2021-08-24,147.7141876220703,165.28900146484375,47706.1171875,55.4296875,3172.456298828125,111.95597076416016,365.510009765625,4.29371976852417
2021-08-25,146.47027587890625,164.95899963378906,48960.7890625,55.45771408081055,3224.915283203125,111.51669311523438,368.3900146484375,4.33665657043457
2021-08-26,145.6606903076172,165.8000030517578,46942.21875,55.31755065917969,3100.325439453125,111.51669311523438,364.3800048828125,4.276544094085693
2021-08-27,146.70721435546875,167.48150634765625,49058.66796875,55.149356842041016,3270.600830078125,111.87958526611328,372.6300048828125,4.33665657043457
2021-08-28,,,48902.40234375,,3244.4033203125,,,
2021-08-29,,,48829.83203125,,3227.002685546875,,,
2021-08-30,151.1696319580078,171.07850646972656,47054.984375,55.25214385986328,3224.374267578125,112.09920501708984,380.6600036621094,4.32806921005249
2021-08-31,149.89605712890625,173.5395050048828,47166.6875,55.149356842041016,3433.732666015625,111.88912200927734,379.3800048828125,4.250781536102295
2021-09-01,150.5673828125,173.9499969482422,48847.02734375,55.16804885864258,3834.828125,111.9369125366211,382.04998779296875,4.31089448928833
2021-09-02,151.69288635253906,173.156005859375,49327.72265625,55.62590408325195,3790.989990234375,112.07067108154297,375.2799987792969,4.285131454467773
2021-09-03,152.3345947265625,173.90249633789062,50025.375,55.523128509521484,3940.61474609375,111.80313873291016,376.260009765625,4.207844257354736
2021-09-04,,,49944.625,,3887.828369140625,,,
2021-09-05,,,51753.41015625,,3952.133544921875,,,
2021-09-06,,,52633.53515625,,3928.37939453125,,,
2021-09-07,154.6941680908203,175.46449279785156,46811.12890625,55.01853942871094,3426.394287109375,111.36356353759766,382.17999267578125,4.276544094085693
2021-09-08,153.13427734375,176.27499389648438,46091.390625,54.83165740966797,3497.315185546875,111.66934967041016,377.57000732421875,4.285131454467773
2021-09-09,152.1075439453125,174.20799255371094,46391.421875,54.756900787353516,3427.340087890625,111.98470306396484,378.0,4.216432094573975
2021-09-10,147.072509765625,173.45750427246094,44883.91015625,54.09347152709961,3211.505859375,111.63111877441406,378.69000244140625,4.164907455444336
2021-09-11,,,45201.45703125,,3270.278076171875,,,
2021-09-12,,,46063.26953125,,3410.134521484375,,,
2021-09-13,147.6450958251953,172.85850524902344,44963.07421875,54.28969192504883,3285.51171875,111.76490783691406,376.510009765625,4.233606815338135
2021-09-14,146.23330688476562,172.5,47092.4921875,54.07477951049805,3429.169677734375,112.18535614013672,376.5299987792969,4.182082176208496
2021-09-15,147.13172912597656,173.7895050048828,48176.34765625,53.78511428833008,3615.28271484375,111.99423217773438,373.9200134277344,4.216432094573975
2021-09-16,146.894775390625,174.41200256347656,47783.359375,53.5701904296875,3571.294921875,111.64067840576172,373.05999755859375,4.190669536590576
2021-09-17,144.19956970214844,173.12600708007812,47267.51953125,53.12166976928711,3398.538818359375,111.31576538085938,364.7200012207031,4.164907455444336
2021-09-18,,,48278.36328125,,3432.018310546875,,,
2021-09-19,,,47260.21875,,3329.447998046875,,,
2021-09-20,141.11929321289062,167.7864990234375,42843.80078125,52.22462844848633,2958.993408203125,111.87955474853516,355.70001220703125,4.1219706535339355
2021-09-21,141.60304260253906,167.18150329589844,40693.67578125,51.63594436645508,2764.43115234375,111.81269073486328,357.4800109863281,4.05327033996582
2021-09-22,143.9922332763672,169.00250244140625,43574.5078125,51.8788948059082,3077.867919921875,111.91778564453125,343.2099914550781,4.079033374786377
2021-09-23,144.9597625732422,170.8000030517578,44895.09765625,52.97216033935547,3155.523681640625,110.90487670898438,345.9599914550781,4.130558013916016
2021-09-24,145.04859924316406,171.2760009765625,42839.75,53.00954055786133,2931.669189453125,110.5704116821289,352.9599914550781,4.1219706535339355
2021-09-25,,,42716.59375,,2925.565673828125,,,
2021-09-26,,,43208.5390625,,3062.265380859375,,,
2021-09-27,143.51832580566406,170.2899932861328,42235.73046875,52.53299331665039,2934.138916015625,110.27421569824219,353.5799865722656,4.216432094573975
2021-09-28,140.10243225097656,165.79800415039062,41034.54296875,51.8788948059082,2807.296630859375,109.85375213623047,340.6499938964844,4.156320095062256
2021-09-29,141.01068115234375,165.05599975585938,41564.36328125,51.84151840209961,2853.143310546875,109.96839904785156,339.6099853515625,4.0704450607299805
2021-09-30,139.6976318359375,164.2519989013672,43790.89453125,50.86037826538086,3001.678955078125,110.1021957397461,339.3900146484375,4.04468297958374
2021-10-01,140.8329620361328,164.16299438476562,48116.94140625,51.52381134033203,3307.51611328125,110.55164337158203,343.010009765625,4.01033353805542
2021-10-02,,,47711.48828125,,3391.6943359375,,,
2021-10-03,,,48199.953125,,3418.358642578125,,,
2021-10-04,137.36770629882812,159.48899841308594,49112.90234375,51.01581954956055,3380.089111328125,110.41773223876953,326.2300109863281,4.061858177185059
2021-10-05,139.3126220703125,161.0500030517578,51514.8125,51.44855499267578,3518.5185546875,110.0735092163086,332.9599914550781,4.104795455932617
2021-10-06,140.19125366210938,163.10049438476562,55361.44921875,50.74300765991211,3580.56201171875,110.10218811035156,333.6400146484375,4.01033353805542
2021-10-07,141.46484375,165.1215057373047,53805.984375,51.759002685546875,3587.974853515625,109.66231536865234,329.2200012207031,3.9931588172912598
2021-10-08,141.07981872558594,164.43099975585938,53967.84765625,51.8154411315918,3563.75927734375,109.42324829101562,330.04998779296875,4.01033353805542
2021-10-09,,,54968.22265625,,3575.716796875,,,
2021-10-10,,,54771.578125,,3425.852783203125,,,
2021-10-11,140.99093627929688,162.31500244140625,57484.7890625,51.67433547973633,3545.35400390625,109.15550231933594,325.45001220703125,3.9588091373443604
2021-10-12,139.70750427246094,162.3665008544922,56041.05859375,51.06285095214844,3492.5732421875,109.65275573730469,323.7699890136719,4.00174617767334
2021-10-13,139.1151580810547,164.21400451660156,57401.09765625,51.38270568847656,3606.20166015625,109.86312103271484,324.5400085449219,3.9588091373443604
2021-10-14,141.9288330078125,164.9929962158203,57321.5234375,52.351654052734375,3786.01416015625,110.121337890625,328.5299987792969,3.924459218978882
2021-10-15,142.9951171875,170.4510040283203,61593.94921875,51.97536087036133,3862.634765625,109.57624816894531,324.760009765625,3.8214099407196045
2021-10-16,,,60892.1796875,,3830.382080078125,,,
2021-10-17,,,61553.6171875,,3847.1044921875,,,
2021-10-18,144.68331909179688,172.33700561523438,62026.078125,51.91891860961914,3748.76025390625,109.42324829101562,335.3399963378906,3.761298179626465
2021-10-19,146.8651580810547,172.20750427246094,64261.9921875,52.43632507324219,3877.65087890625,109.03119659423828,339.989990234375,3.778472900390625
2021-10-20,147.35879516601562,170.7530059814453,65992.8359375,52.86906051635742,4155.9921875,108.98341369628906,340.7799987792969,3.8986971378326416
2021-10-21,147.57598876953125,171.75050354003906,62210.171875,52.389286041259766,4054.32275390625,108.6965103149414,341.8800048828125,3.8214099407196045
2021-10-22,146.79605102539062,166.77749633789062,60692.265625,51.843666076660156,3970.181884765625,108.97382354736328,324.6099853515625,3.787060260772705
2021-10-23,,,61393.6171875,,4171.66357421875,,,
2021-10-24,,,60930.8359375,,4087.903076171875,,,
2021-10-25,146.74667358398438,166.01849365234375,63039.82421875,51.87187957763672,4217.876953125,109.10768127441406,328.69000244140625,3.8128225803375244
2021-10-26,147.41802978515625,168.80349731445312,60363.79296875,52.50217056274414,4131.10205078125,109.24156951904297,315.80999755859375,3.8042349815368652
2021-10-27,146.95401000976562,169.62449645996094,58482.38671875,52.850242614746094,3930.25732421875,109.8535385131836,312.2200012207031,3.795647621154785
2021-10-28,150.62664794921875,172.32850646972656,60622.13671875,52.90669250488281,4287.31884765625,109.56670379638672,316.9200134277344,3.769885540008545
2021-10-29,147.8919219970703,168.6215057373047,62227.96484375,52.65269088745117,4414.74658203125,109.6145248413086,323.57000732421875,3.7355358600616455
2021-10-30,,,61888.83203125,,4325.650390625,,,
2021-10-31,,,61318.95703125,,4288.07421875,,,
2021-11-01,147.06265258789062,165.90550231933594,61004.40625,52.774986267089844,4324.626953125,109.60589599609375,329.9800109863281,3.8128225803375244
2021-11-02,148.10914611816406,165.6374969482422,63226.40234375,54.204898834228516,4584.798828125,109.87381744384766,328.0799865722656,3.7355358600616455
2021-11-03,149.5603790283203,169.1999969482422,62970.046875,54.23311996459961,4607.19384765625,109.52935791015625,331.6199951171875,3.778472900390625
2021-11-04,149.03713989257812,173.85000610351562,61452.23046875,53.73453140258789,4537.32421875,110.12261962890625,335.8500061035156,3.632486343383789
2021-11-05,149.57106018066406,175.94949340820312,61125.67578125,53.68749237060547,4486.2431640625,110.72547912597656,341.1300048828125,3.7441232204437256
2021-11-06,,,61527.48046875,,4521.5810546875,,,
2021-11-07,,,63326.98828125,,4620.5546875,,,
2021-11-08,148.74053955078125,174.44900512695312,67566.828125,53.62164306640625,4812.08740234375,110.24703216552734,338.6199951171875,3.7441232204437256
2021-11-09,149.10633850097656,178.81149291992188,66971.828125,54.035560607910156,4735.06884765625,110.75421905517578,335.3699951171875,3.8042349815368652
2021-11-10,146.2489776611328,174.1024932861328,64995.23046875,54.346004486083984,4636.17431640625,109.80684661865234,327.6400146484375,3.864347457885742
2021-11-11,146.19955444335938,173.625,64949.9609375,53.3958625793457,4730.38427734375,109.4527816772461,327.739990234375,3.9072844982147217
2021-11-12,148.2956085205078,176.25750732421875,64155.94140625,53.452308654785156,4667.115234375,109.68246459960938,340.8900146484375,3.8986971378326416
2021-11-13,,,64469.52734375,,4651.46044921875,,,
2021-11-14,,,65466.83984375,,4626.35888671875,,,
2021-11-15,148.30551147460938,177.28399658203125,63557.87109375,53.87564468383789,4557.50390625,109.25183868408203,347.55999755859375,3.8385848999023438
2021-11-16,149.294189453125,177.03500366210938,60161.24609375,53.62164306640625,4216.365234375,109.1561508178711,342.9599914550781,3.8128225803375244
2021-11-17,151.75608825683594,177.4499969482422,60368.01171875,53.3958625793457,4287.59375,109.54847717285156,340.7699890136719,3.8214099407196045
2021-11-18,156.08660888671875,184.80299377441406,56942.13671875,50.451385498046875,4000.65087890625,109.61546325683594,338.69000244140625,3.847172737121582
2021-11-19,158.736328125,183.82850646972656,58119.578125,50.093902587890625,4298.306640625,109.91210174560547,345.29998779296875,3.8214099407196045
2021-11-20,,,59697.1953125,,4409.93115234375,,,
2021-11-21,,,58730.4765625,,4269.73291015625,,,
2021-11-22,159.20101928710938,178.6284942626953,56289.2890625,51.3638916015625,4088.457763671875,109.1082992553711,341.010009765625,4.02750825881958
2021-11-23,159.58660888671875,179.0019989013672,57569.07421875,52.02239990234375,4340.763671875,108.65853881835938,337.25,3.9158718585968018
2021-11-24,160.11062622070312,179.02049255371094,56280.42578125,52.24817657470703,4239.9814453125,108.99346160888672,341.05999755859375,3.864347457885742
2021-11-25,,,57274.6796875,,4274.7431640625,,,
2021-11-26,155.03855895996094,175.22799682617188,53569.765625,51.42974090576172,4030.908935546875,110.4001693725586,333.1199951171875,3.778472900390625
2021-11-27,,,54815.078125,,4096.912109375,,,
2021-11-28,,,57248.45703125,,4294.45361328125,,,
2021-11-29,158.42984008789062,178.07850646972656,57806.56640625,52.455135345458984,4445.10498046875,110.15135192871094,338.0299987792969,3.795647621154785
2021-11-30,163.43263244628906,175.35350036621094,57005.42578125,51.589664459228516,4631.47900390625,110.81160736083984,324.4599914550781,3.8729348182678223
2021-12-01,162.90866088867188,172.18600463867188,57229.828125,51.76840591430664,4586.990234375,111.02039337158203,310.6000061035156,3.789128065109253
2021-12-02,161.91006469726562,171.8679962158203,56477.81640625,52.82202911376953,4511.30224609375,110.7809829711914,310.3900146484375,3.7534656524658203
2021-12-03,160.01173400878906,169.489501953125,53598.24609375,52.897281646728516,4220.7060546875,111.43217468261719,306.8399963378906,3.7088875770568848
2021-12-04,,,49200.703125,,4119.58740234375,,,
2021-12-05,,,49368.84765625,,4198.32275390625,,,
2021-12-06,163.45245361328125,171.36849975585938,50582.625,53.58401107788086,4358.7373046875,110.87673950195312,317.8699951171875,3.789128065109253
2021-12-07,169.24623107910156,176.1645050048828,50700.0859375,54.63763427734375,4315.0615234375,110.45537567138672,322.80999755859375,3.771296739578247
2021-12-08,173.10218811035156,176.1580047607422,50504.796875,53.64045715332031,4439.35791015625,110.10102844238281,330.55999755859375,3.762381076812744
2021-12-09,172.58802795410156,174.17100524902344,47672.12109375,54.13904571533203,4119.81591796875,110.37875366210938,329.82000732421875,3.7088875770568848
2021-12-10,177.42282104492188,172.21200561523438,47243.3046875,55.73828887939453,3908.49609375,110.45537567138672,329.75,3.762381076812744
2021-12-11,,,49362.5078125,,4084.452392578125,,,
2021-12-12,,,50098.3359375,,4134.453125,,,
2021-12-13,173.75474548339844,169.5675048828125,46737.48046875,55.1362190246582,3784.226806640625,110.98208618164062,334.489990234375,3.699972152709961
2021-12-14,172.36065673828125,169.0915069580078,46612.6328125,54.346004486083984,3745.4404296875,110.7905502319336,333.739990234375,3.842621326446533
2021-12-15,177.27450561523438,173.31500244140625,48896.72265625,56.37798309326172,4018.388671875,110.62776947021484,341.6600036621094,3.860452890396118
2021-12-16,170.3140411376953,168.87100219726562,47665.42578125,56.73546600341797,3962.4697265625,110.9498062133789,334.8999938964844,3.798043727874756
2021-12-17,169.20669555664062,170.0175018310547,46202.14453125,56.876564025878906,3879.486572265625,111.19903564453125,333.7900085449219,3.842621326446533
2021-12-18,,,46848.77734375,,3960.860107421875,,,
2021-12-19,,,46707.015625,,3922.592529296875,,,
2021-12-20,167.83236694335938,167.07899475097656,46880.27734375,56.78249740600586,3933.844482421875,111.10318756103516,325.45001220703125,3.8247904777526855
2021-12-21,171.0358123779297,170.41700744628906,48936.61328125,57.412784576416016,4020.260009765625,110.6622543334961,334.20001220703125,3.8515372276306152
2021-12-22,173.65585327148438,171.03700256347656,48628.51171875,57.88315200805664,3982.099609375,110.76769256591797,330.45001220703125,3.869368314743042
2021-12-23,174.2886199951172,171.06849670410156,50784.5390625,58.58869934082031,4108.015625,110.53765869140625,335.239990234375,3.878284454345703
2021-12-24,,,50822.1953125,,4047.98291015625,,,
2021-12-25,,,50429.859375,,4093.281005859375,,,
2021-12-26,,,50809.515625,,4067.328125,,,
2021-12-27,178.29287719726562,169.66949462890625,50640.41796875,59.6611328125,4037.547607421875,110.57600402832031,346.17999267578125,3.905031204223633
2021-12-28,177.26461791992188,170.66099548339844,47588.85546875,59.76461410522461,3800.89306640625,110.55681610107422,346.2200012207031,3.89611554145813
2021-12-29,177.35362243652344,169.2010040283203,46444.7109375,60.16912841796875,3628.53173828125,109.99128723144531,342.94000244140625,3.9139463901519775
2021-12-30,176.18695068359375,168.64450073242188,47178.125,59.849281311035156,3713.85205078125,110.35553741455078,344.3599853515625,3.8158748149871826
